measnum,varname,strain,strainid,sex,mean,nmice,sd,sem,cv,minval,maxval,zscore
1901,chol_chow,CAST/EiJ,2,f,1.49,8,,,,,,-0.36
1901,chol_chow,C3H/HeSnJ,71,m,2.93,8,,,,,,1.74
1901,chol_chow,C3H/HeSnJ,71,f,2.24,8,,,,,,1.20
1901,chol_chow,A/HeJ,68,m,1.77,8,,,,,,-0.58
1901,chol_chow,A/HeJ,68,f,1.42,8,,,,,,-0.50
1901,chol_chow,129X1/SvJ,47,m,2.60,8,,,,,,1.08
1901,chol_chow,129X1/SvJ,47,f,2.17,8,,,,,,1.05
1901,chol_chow,C57L/J,37,m,1.91,8,,,,,,-0.30
1901,chol_chow,C57L/J,37,f,1.55,8,,,,,,-0.23
1901,chol_chow,C57BLKS/J,35,m,1.92,8,,,,,,-0.28
1901,chol_chow,C57BLKS/J,35,f,1.12,8,,,,,,-1.13
1901,chol_chow,SM/J,31,m,1.97,8,,,,,,-0.18
1901,chol_chow,SM/J,31,f,1.44,8,,,,,,-0.46
1901,chol_chow,SJL/J,17,m,1.90,8,,,,,,-0.32
1901,chol_chow,SJL/J,17,f,1.44,8,,,,,,-0.46
1901,chol_chow,AKR/J,15,m,1.49,8,,,,,,-1.14
1901,chol_chow,AKR/J,15,f,1.32,8,,,,,,-0.71
1901,chol_chow,SWR/J,12,m,2.13,8,,,,,,0.14
1901,chol_chow,SWR/J,12,f,1.49,8,,,,,,-0.36
1901,chol_chow,NZB/BlNJ,11,m,3.26,8,,,,,,2.40
1901,chol_chow,NZB/BlNJ,11,f,3.04,8,,,,,,2.86
1901,chol_chow,DBA/2J,8,m,2.00,8,,,,,,-0.12
1901,chol_chow,DBA/2J,8,f,1.50,8,,,,,,-0.34
1901,chol_chow,C57BL/6J,7,m,1.85,8,,,,,,-0.42
1901,chol_chow,C57BL/6J,7,f,1.46,8,,,,,,-0.42
1901,chol_chow,BALB/cJ,5,m,1.95,8,,,,,,-0.22
1901,chol_chow,BALB/cJ,5,f,1.77,8,,,,,,0.22
1901,chol_chow,A/J,4,m,1.76,8,,,,,,-0.60
1901,chol_chow,A/J,4,f,1.49,8,,,,,,-0.36
1901,chol_chow,CAST/EiJ,2,m,1.45,8,,,,,,-1.22
1902,HDLC_chow,A/J,4,m,1.32,8,,,,,,-0.64
1902,HDLC_chow,CAST/EiJ,2,f,0.800,8,,,,,,-0.92
1902,HDLC_chow,CAST/EiJ,2,m,0.980,8,,,,,,-1.45
1902,HDLC_chow,A/J,4,f,1.00,8,,,,,,-0.45
1902,HDLC_chow,BALB/cJ,5,f,1.39,8,,,,,,0.45
1902,HDLC_chow,BALB/cJ,5,m,1.72,8,,,,,,0.31
1902,HDLC_chow,C57BL/6J,7,f,1.12,8,,,,,,-0.17
1902,HDLC_chow,C57BL/6J,7,m,1.60,8,,,,,,0.03
1902,HDLC_chow,DBA/2J,8,f,0.930,8,,,,,,-0.62
1902,HDLC_chow,DBA/2J,8,m,1.45,8,,,,,,-0.33
1902,HDLC_chow,NZB/BlNJ,11,f,2.31,8,,,,,,2.58
1902,HDLC_chow,NZB/BlNJ,11,m,2.51,8,,,,,,2.19
1902,HDLC_chow,SWR/J,12,f,0.940,8,,,,,,-0.59
1902,HDLC_chow,SWR/J,12,m,1.52,8,,,,,,-0.16
1902,HDLC_chow,AKR/J,15,f,0.980,8,,,,,,-0.50
1902,HDLC_chow,AKR/J,15,m,1.14,8,,,,,,-1.07
1902,HDLC_chow,SJL/J,17,f,0.990,8,,,,,,-0.48
1902,HDLC_chow,SJL/J,17,m,1.31,8,,,,,,-0.66
1902,HDLC_chow,SM/J,31,f,1.09,8,,,,,,-0.24
1902,HDLC_chow,SM/J,31,m,1.58,8,,,,,,-0.02
1902,HDLC_chow,C57BLKS/J,35,f,0.730,8,,,,,,-1.08
1902,HDLC_chow,C57BLKS/J,35,m,1.46,8,,,,,,-0.31
1902,HDLC_chow,C57L/J,37,f,0.990,8,,,,,,-0.48
1902,HDLC_chow,C57L/J,37,m,1.37,8,,,,,,-0.52
1902,HDLC_chow,129X1/SvJ,47,f,1.73,8,,,,,,1.24
1902,HDLC_chow,129X1/SvJ,47,m,2.15,8,,,,,,1.34
1902,HDLC_chow,A/HeJ,68,f,1.15,8,,,,,,-0.11
1902,HDLC_chow,A/HeJ,68,m,1.45,8,,,,,,-0.33
1902,HDLC_chow,C3H/HeSnJ,71,f,1.78,8,,,,,,1.36
1902,HDLC_chow,C3H/HeSnJ,71,m,2.27,8,,,,,,1.62
1903,nonHDLC_chow,C3H/HeSnJ,71,m,0.670,8,,,,,,1.32
1903,nonHDLC_chow,C3H/HeSnJ,71,f,0.450,8,,,,,,-0.12
1903,nonHDLC_chow,A/HeJ,68,m,0.320,8,,,,,,-1.01
1903,nonHDLC_chow,A/HeJ,68,f,0.270,8,,,,,,-1.47
1903,nonHDLC_chow,129X1/SvJ,47,m,0.450,8,,,,,,-0.15
1903,nonHDLC_chow,129X1/SvJ,47,f,0.440,8,,,,,,-0.19
1903,nonHDLC_chow,C57L/J,37,m,0.540,8,,,,,,0.45
1903,nonHDLC_chow,C57L/J,37,f,0.560,8,,,,,,0.71
1903,nonHDLC_chow,C57BLKS/J,35,m,0.460,8,,,,,,-0.08
1903,nonHDLC_chow,C57BLKS/J,35,f,0.380,8,,,,,,-0.64
1903,nonHDLC_chow,SM/J,31,m,0.390,8,,,,,,-0.55
1903,nonHDLC_chow,SM/J,31,f,0.350,8,,,,,,-0.87
1903,nonHDLC_chow,SJL/J,17,m,0.590,8,,,,,,0.79
1903,nonHDLC_chow,SJL/J,17,f,0.450,8,,,,,,-0.12
1903,nonHDLC_chow,AKR/J,15,m,0.340,8,,,,,,-0.88
1903,nonHDLC_chow,AKR/J,15,f,0.340,8,,,,,,-0.94
1903,nonHDLC_chow,SWR/J,12,m,0.610,8,,,,,,0.92
1903,nonHDLC_chow,SWR/J,12,f,0.550,8,,,,,,0.64
1903,nonHDLC_chow,NZB/BlNJ,11,m,0.750,8,,,,,,1.86
1903,nonHDLC_chow,NZB/BlNJ,11,f,0.730,8,,,,,,2.00
1903,nonHDLC_chow,DBA/2J,8,m,0.560,8,,,,,,0.59
1903,nonHDLC_chow,DBA/2J,8,f,0.570,8,,,,,,0.79
1903,nonHDLC_chow,C57BL/6J,7,m,0.260,8,,,,,,-1.42
1903,nonHDLC_chow,C57BL/6J,7,f,0.340,8,,,,,,-0.94
1903,nonHDLC_chow,BALB/cJ,5,m,0.230,8,,,,,,-1.62
1903,nonHDLC_chow,BALB/cJ,5,f,0.380,8,,,,,,-0.64
1903,nonHDLC_chow,A/J,4,m,0.440,8,,,,,,-0.21
1903,nonHDLC_chow,A/J,4,f,0.480,8,,,,,,0.11
1903,nonHDLC_chow,CAST/EiJ,2,f,0.690,8,,,,,,1.69
1903,nonHDLC_chow,CAST/EiJ,2,m,0.470,8,,,,,,-0.01
1904,chol_fat,A/J,4,m,6.65,8,,,,,,-0.24
1904,chol_fat,BALB/cJ,5,f,5.12,8,,,,,,-0.56
1904,chol_fat,BALB/cJ,5,m,4.14,8,,,,,,-1.28
1904,chol_fat,C57BL/6J,7,f,7.31,8,,,,,,-0.02
1904,chol_fat,C57BL/6J,7,m,8.97,8,,,,,,0.72
1904,chol_fat,DBA/2J,8,f,4.03,8,,,,,,-0.83
1904,chol_fat,DBA/2J,8,m,4.87,8,,,,,,-0.98
1904,chol_fat,NZB/BlNJ,11,f,10.8,8,,,,,,0.83
1904,chol_fat,NZB/BlNJ,11,m,12.7,8,,,,,,2.26
1904,chol_fat,SWR/J,12,f,5.95,8,,,,,,-0.36
1904,chol_fat,SWR/J,12,m,7.58,8,,,,,,0.14
1904,chol_fat,AKR/J,15,f,4.80,8,,,,,,-0.64
1904,chol_fat,AKR/J,15,m,4.16,8,,,,,,-1.27
1904,chol_fat,A/J,4,f,6.85,8,,,,,,-0.14
1904,chol_fat,SJL/J,17,f,3.84,8,,,,,,-0.87
1904,chol_fat,SM/J,31,f,8.37,8,,,,,,0.24
1904,chol_fat,SM/J,31,m,8.15,8,,,,,,0.38
1904,chol_fat,C57BLKS/J,35,f,7.56,8,,,,,,0.04
1904,chol_fat,C57BLKS/J,35,m,9.79,8,,,,,,1.06
1904,chol_fat,C57L/J,37,f,4.85,8,,,,,,-0.63
1904,chol_fat,C57L/J,37,m,4.29,8,,,,,,-1.22
1904,chol_fat,129X1/SvJ,47,f,6.39,8,,,,,,-0.25
1904,chol_fat,129X1/SvJ,47,m,6.40,8,,,,,,-0.34
1904,chol_fat,A/HeJ,68,f,5.22,8,,,,,,-0.54
1904,chol_fat,A/HeJ,68,m,7.42,8,,,,,,0.08
1904,chol_fat,C3H/HeSnJ,71,f,9.82,8,,,,,,0.59
1904,chol_fat,C3H/HeSnJ,71,m,7.90,8,,,,,,0.28
1904,chol_fat,CAST/EiJ,2,m,8.22,8,,,,,,0.41
1904,chol_fat,CAST/EiJ,2,f,20.2,8,,,,,,3.14
1905,HDLC_fat,AKR/J,15,m,1.81,8,,,,,,-0.35
1905,HDLC_fat,CAST/EiJ,2,f,0.930,8,,,,,,-0.82
1905,HDLC_fat,CAST/EiJ,2,m,2.40,8,,,,,,0.36
1905,HDLC_fat,A/J,4,f,1.86,8,,,,,,0.40
1905,HDLC_fat,A/J,4,m,1.95,8,,,,,,-0.18
1905,HDLC_fat,BALB/cJ,5,f,1.55,8,,,,,,-0.01
1905,HDLC_fat,BALB/cJ,5,m,2.07,8,,,,,,-0.04
1905,HDLC_fat,C57BL/6J,7,f,0.860,8,,,,,,-0.91
1905,HDLC_fat,C57BL/6J,7,m,1.46,8,,,,,,-0.77
1905,HDLC_fat,DBA/2J,8,f,1.09,8,,,,,,-0.61
1905,HDLC_fat,DBA/2J,8,m,2.88,8,,,,,,0.94
1905,HDLC_fat,NZB/BlNJ,11,f,3.52,8,,,,,,2.57
1905,HDLC_fat,NZB/BlNJ,11,m,4.29,8,,,,,,2.63
1905,HDLC_fat,SWR/J,12,f,0.930,8,,,,,,-0.82
1905,HDLC_fat,SWR/J,12,m,1.40,8,,,,,,-0.84
1905,HDLC_fat,AKR/J,15,f,1.53,8,,,,,,-0.03
1905,HDLC_fat,SJL/J,17,f,1.19,8,,,,,,-0.48
1905,HDLC_fat,SM/J,31,f,2.40,8,,,,,,1.11
1905,HDLC_fat,SM/J,31,m,1.71,8,,,,,,-0.47
1905,HDLC_fat,C57BLKS/J,35,f,1.06,8,,,,,,-0.65
1905,HDLC_fat,C57BLKS/J,35,m,0.930,8,,,,,,-1.41
1905,HDLC_fat,C57L/J,37,f,0.540,8,,,,,,-1.33
1905,HDLC_fat,C57L/J,37,m,1.30,8,,,,,,-0.96
1905,HDLC_fat,129X1/SvJ,47,f,2.11,8,,,,,,0.73
1905,HDLC_fat,129X1/SvJ,47,m,2.46,8,,,,,,0.43
1905,HDLC_fat,A/HeJ,68,f,2.10,8,,,,,,0.71
1905,HDLC_fat,A/HeJ,68,m,2.20,8,,,,,,0.12
1905,HDLC_fat,C3H/HeSnJ,71,f,1.66,8,,,,,,0.14
1905,HDLC_fat,C3H/HeSnJ,71,m,2.55,8,,,,,,0.54
1906,nonHDLC_fat,A/J,4,f,4.99,8,,,,,,-0.21
1906,nonHDLC_fat,C3H/HeSnJ,71,m,5.35,8,,,,,,0.10
1906,nonHDLC_fat,C3H/HeSnJ,71,f,8.16,8,,,,,,0.57
1906,nonHDLC_fat,A/HeJ,68,m,5.22,8,,,,,,0.04
1906,nonHDLC_fat,A/HeJ,68,f,3.12,8,,,,,,-0.67
1906,nonHDLC_fat,129X1/SvJ,47,m,3.94,8,,,,,,-0.53
1906,nonHDLC_fat,129X1/SvJ,47,f,4.28,8,,,,,,-0.38
1906,nonHDLC_fat,C57L/J,37,m,3.00,8,,,,,,-0.94
1906,nonHDLC_fat,C57L/J,37,f,4.31,8,,,,,,-0.38
1906,nonHDLC_fat,C57BLKS/J,35,m,8.86,8,,,,,,1.65
1906,nonHDLC_fat,C57BLKS/J,35,f,6.50,8,,,,,,0.16
1906,nonHDLC_fat,SM/J,31,m,6.44,8,,,,,,0.58
1906,nonHDLC_fat,SM/J,31,f,5.97,8,,,,,,0.03
1906,nonHDLC_fat,SJL/J,17,f,2.65,8,,,,,,-0.78
1906,nonHDLC_fat,AKR/J,15,m,2.35,8,,,,,,-1.23
1906,nonHDLC_fat,AKR/J,15,f,3.26,8,,,,,,-0.63
1906,nonHDLC_fat,SWR/J,12,m,6.17,8,,,,,,0.46
1906,nonHDLC_fat,SWR/J,12,f,5.02,8,,,,,,-0.20
1906,nonHDLC_fat,NZB/BlNJ,11,m,8.35,8,,,,,,1.43
1906,nonHDLC_fat,NZB/BlNJ,11,f,7.24,8,,,,,,0.34
1906,nonHDLC_fat,DBA/2J,8,m,1.99,8,,,,,,-1.39
1906,nonHDLC_fat,DBA/2J,8,f,2.94,8,,,,,,-0.71
1906,nonHDLC_fat,C57BL/6J,7,m,7.51,8,,,,,,1.05
1906,nonHDLC_fat,C57BL/6J,7,f,6.45,8,,,,,,0.15
1906,nonHDLC_fat,BALB/cJ,5,m,2.07,8,,,,,,-1.35
1906,nonHDLC_fat,BALB/cJ,5,f,3.57,8,,,,,,-0.56
1906,nonHDLC_fat,A/J,4,m,4.70,8,,,,,,-0.19
1906,nonHDLC_fat,CAST/EiJ,2,f,19.3,8,,,,,,3.29
1906,nonHDLC_fat,CAST/EiJ,2,m,5.82,8,,,,,,0.31
1907,chol_chg,NZB/BlNJ,11,f,3.54,8,,,,,,-0.39
1907,chol_chg,CAST/EiJ,2,f,13.6,8,,,,,,3.27
1907,chol_chg,CAST/EiJ,2,m,5.67,8,,,,,,1.84
1907,chol_chg,A/J,4,f,4.60,8,,,,,,-0.01
1907,chol_chg,A/J,4,m,3.78,8,,,,,,0.19
1907,chol_chg,BALB/cJ,5,f,2.89,8,,,,,,-0.63
1907,chol_chg,BALB/cJ,5,m,2.12,8,,,,,,-1.27
1907,chol_chg,C57BL/6J,7,f,5.01,8,,,,,,0.14
1907,chol_chg,C57BL/6J,7,m,4.85,8,,,,,,1.12
1907,chol_chg,DBA/2J,8,f,2.69,8,,,,,,-0.70
1907,chol_chg,DBA/2J,8,m,2.44,8,,,,,,-0.99
1907,chol_chg,NZB/BlNJ,11,m,3.88,8,,,,,,0.27
1907,chol_chg,SWR/J,12,f,3.99,8,,,,,,-0.23
1907,chol_chg,SWR/J,12,m,3.56,8,,,,,,-0.01
1907,chol_chg,AKR/J,15,f,3.64,8,,,,,,-0.36
1907,chol_chg,AKR/J,15,m,2.79,8,,,,,,-0.68
1907,chol_chg,SJL/J,17,f,2.67,8,,,,,,-0.71
1907,chol_chg,SM/J,31,f,5.81,8,,,,,,0.43
1907,chol_chg,SM/J,31,m,4.14,8,,,,,,0.50
1907,chol_chg,C57BLKS/J,35,f,6.75,8,,,,,,0.77
1907,chol_chg,C57BLKS/J,35,m,5.10,8,,,,,,1.34
1907,chol_chg,C57L/J,37,f,3.13,8,,,,,,-0.54
1907,chol_chg,C57L/J,37,m,2.25,8,,,,,,-1.15
1907,chol_chg,129X1/SvJ,47,f,2.94,8,,,,,,-0.61
1907,chol_chg,129X1/SvJ,47,m,2.46,8,,,,,,-0.97
1907,chol_chg,A/HeJ,68,f,3.68,8,,,,,,-0.34
1907,chol_chg,A/HeJ,68,m,4.19,8,,,,,,0.55
1907,chol_chg,C3H/HeSnJ,71,f,4.38,8,,,,,,-0.09
1907,chol_chg,C3H/HeSnJ,71,m,2.70,8,,,,,,-0.76
1908,HDLC_chg,CAST/EiJ,2,f,1.16,8,,,,,,-0.32
1908,HDLC_chg,C3H/HeSnJ,71,m,1.12,8,,,,,,-0.44
1908,HDLC_chg,C3H/HeSnJ,71,f,0.930,8,,,,,,-0.85
1908,HDLC_chg,A/HeJ,68,m,1.52,8,,,,,,0.38
1908,HDLC_chg,A/HeJ,68,f,1.83,8,,,,,,1.20
1908,HDLC_chg,129X1/SvJ,47,m,1.14,8,,,,,,-0.40
1908,HDLC_chg,129X1/SvJ,47,f,1.22,8,,,,,,-0.19
1908,HDLC_chg,C57L/J,37,m,0.950,8,,,,,,-0.79
1908,HDLC_chg,C57L/J,37,f,0.550,8,,,,,,-1.71
1908,HDLC_chg,C57BLKS/J,35,m,0.640,8,,,,,,-1.43
1908,HDLC_chg,C57BLKS/J,35,f,1.45,8,,,,,,0.34
1908,HDLC_chg,SM/J,31,m,1.08,8,,,,,,-0.52
1908,HDLC_chg,SM/J,31,f,2.20,8,,,,,,2.04
1908,HDLC_chg,SJL/J,17,f,1.20,8,,,,,,-0.23
1908,HDLC_chg,AKR/J,15,m,1.59,8,,,,,,0.52
1908,HDLC_chg,AKR/J,15,f,1.56,8,,,,,,0.59
1908,HDLC_chg,SWR/J,12,m,0.920,8,,,,,,-0.85
1908,HDLC_chg,SWR/J,12,f,0.990,8,,,,,,-0.71
1908,HDLC_chg,NZB/BlNJ,11,m,1.71,8,,,,,,0.77
1908,HDLC_chg,NZB/BlNJ,11,f,1.52,8,,,,,,0.50
1908,HDLC_chg,DBA/2J,8,m,1.99,8,,,,,,1.34
1908,HDLC_chg,DBA/2J,8,f,1.17,8,,,,,,-0.30
1908,HDLC_chg,C57BL/6J,7,m,0.910,8,,,,,,-0.87
1908,HDLC_chg,C57BL/6J,7,f,0.770,8,,,,,,-1.21
1908,HDLC_chg,BALB/cJ,5,m,1.20,8,,,,,,-0.28
1908,HDLC_chg,BALB/cJ,5,f,1.12,8,,,,,,-0.41
1908,HDLC_chg,A/J,4,m,1.48,8,,,,,,0.30
1908,HDLC_chg,CAST/EiJ,2,m,2.45,8,,,,,,2.29
1908,HDLC_chg,A/J,4,f,1.86,8,,,,,,1.27
1909,nonHDLC_chg,A/J,4,m,10.7,8,,,,,,-0.19
1909,nonHDLC_chg,BALB/cJ,5,f,9.39,8,,,,,,-0.51
1909,nonHDLC_chg,BALB/cJ,5,m,9.00,8,,,,,,-0.45
1909,nonHDLC_chg,C57BL/6J,7,f,19.0,8,,,,,,1.06
1909,nonHDLC_chg,C57BL/6J,7,m,28.9,8,,,,,,2.59
1909,nonHDLC_chg,DBA/2J,8,f,5.16,8,,,,,,-1.20
1909,nonHDLC_chg,DBA/2J,8,m,3.55,8,,,,,,-1.28
1909,nonHDLC_chg,NZB/BlNJ,11,f,9.92,8,,,,,,-0.42
1909,nonHDLC_chg,NZB/BlNJ,11,m,11.1,8,,,,,,-0.13
1909,nonHDLC_chg,SWR/J,12,f,9.13,8,,,,,,-0.55
1909,nonHDLC_chg,SWR/J,12,m,10.1,8,,,,,,-0.28
1909,nonHDLC_chg,AKR/J,15,f,9.59,8,,,,,,-0.48
1909,nonHDLC_chg,AKR/J,15,m,6.91,8,,,,,,-0.77
1909,nonHDLC_chg,SJL/J,17,f,5.89,8,,,,,,-1.08
1909,nonHDLC_chg,SM/J,31,f,17.1,8,,,,,,0.75
1909,nonHDLC_chg,SM/J,31,m,16.5,8,,,,,,0.70
1909,nonHDLC_chg,C57BLKS/J,35,f,17.1,8,,,,,,0.75
1909,nonHDLC_chg,C57BLKS/J,35,m,19.3,8,,,,,,1.12
1909,nonHDLC_chg,C57L/J,37,f,7.70,8,,,,,,-0.79
1909,nonHDLC_chg,C57L/J,37,m,5.56,8,,,,,,-0.97
1909,nonHDLC_chg,129X1/SvJ,47,f,9.73,8,,,,,,-0.46
1909,nonHDLC_chg,129X1/SvJ,47,m,8.76,8,,,,,,-0.48
1909,nonHDLC_chg,A/HeJ,68,f,11.6,8,,,,,,-0.15
1909,nonHDLC_chg,A/HeJ,68,m,16.3,8,,,,,,0.67
1909,nonHDLC_chg,C3H/HeSnJ,71,f,18.1,8,,,,,,0.91
1909,nonHDLC_chg,C3H/HeSnJ,71,m,7.99,8,,,,,,-0.60
1909,nonHDLC_chg,A/J,4,f,10.4,8,,,,,,-0.35
1909,nonHDLC_chg,CAST/EiJ,2,m,12.4,8,,,,,,0.07
1909,nonHDLC_chg,CAST/EiJ,2,f,27.9,8,,,,,,2.52
1910,PL_chow,CAST/EiJ,2,m,1.27,8,,,,,,-2.22
1910,PL_chow,A/J,4,f,1.78,8,,,,,,-0.10
1910,PL_chow,A/J,4,m,2.34,8,,,,,,-0.11
1910,PL_chow,BALB/cJ,5,f,1.94,8,,,,,,0.26
1910,PL_chow,BALB/cJ,5,m,2.34,8,,,,,,-0.11
1910,PL_chow,C57BL/6J,7,f,1.82,8,,,,,,-0.01
1910,PL_chow,C57BL/6J,7,m,2.38,8,,,,,,-0.04
1910,PL_chow,DBA/2J,8,f,1.72,8,,,,,,-0.23
1910,PL_chow,DBA/2J,8,m,2.32,8,,,,,,-0.15
1910,PL_chow,NZB/BlNJ,11,f,2.90,8,,,,,,2.40
1910,PL_chow,NZB/BlNJ,11,m,3.27,8,,,,,,1.72
1910,PL_chow,SWR/J,12,f,1.77,8,,,,,,-0.12
1910,PL_chow,SWR/J,12,m,2.53,8,,,,,,0.26
1910,PL_chow,AKR/J,15,f,1.66,8,,,,,,-0.36
1910,PL_chow,AKR/J,15,m,1.94,8,,,,,,-0.90
1910,PL_chow,SJL/J,17,f,1.73,8,,,,,,-0.21
1910,PL_chow,SJL/J,17,m,2.53,8,,,,,,0.26
1910,PL_chow,SM/J,31,f,1.54,8,,,,,,-0.63
1910,PL_chow,SM/J,31,m,2.41,8,,,,,,0.02
1910,PL_chow,C57BLKS/J,35,f,1.27,8,,,,,,-1.23
1910,PL_chow,C57BLKS/J,35,m,2.14,8,,,,,,-0.51
1910,PL_chow,C57L/J,37,f,1.74,8,,,,,,-0.19
1910,PL_chow,C57L/J,37,m,2.28,8,,,,,,-0.23
1910,PL_chow,129X1/SvJ,47,f,1.94,8,,,,,,0.26
1910,PL_chow,129X1/SvJ,47,m,2.41,8,,,,,,0.02
1910,PL_chow,A/HeJ,68,f,1.80,8,,,,,,-0.05
1910,PL_chow,CAST/EiJ,2,f,1.10,8,,,,,,-1.61
1910,PL_chow,A/HeJ,68,m,2.30,8,,,,,,-0.19
1910,PL_chow,C3H/HeSnJ,71,f,2.64,8,,,,,,1.82
1910,PL_chow,C3H/HeSnJ,71,m,3.51,8,,,,,,2.19
1911,PL_HDL_chow,A/HeJ,68,f,1.63,8,,,,,,0.20
1911,PL_HDL_chow,CAST/EiJ,2,f,0.890,8,,,,,,-1.58
1911,PL_HDL_chow,CAST/EiJ,2,m,1.02,8,,,,,,-2.28
1911,PL_HDL_chow,A/J,4,f,1.49,8,,,,,,-0.14
1911,PL_HDL_chow,A/J,4,m,1.94,8,,,,,,-0.16
1911,PL_HDL_chow,BALB/cJ,5,f,1.82,8,,,,,,0.66
1911,PL_HDL_chow,BALB/cJ,5,m,2.18,8,,,,,,0.39
1911,PL_HDL_chow,C57BL/6J,7,f,1.56,8,,,,,,0.03
1911,PL_HDL_chow,C57BL/6J,7,m,2.11,8,,,,,,0.23
1911,PL_HDL_chow,DBA/2J,8,f,1.28,8,,,,,,-0.64
1911,PL_HDL_chow,DBA/2J,8,m,1.75,8,,,,,,-0.60
1911,PL_HDL_chow,NZB/BlNJ,11,f,2.49,8,,,,,,2.27
1911,PL_HDL_chow,NZB/BlNJ,11,m,2.77,8,,,,,,1.75
1911,PL_HDL_chow,SWR/J,12,f,1.39,8,,,,,,-0.38
1911,PL_HDL_chow,SWR/J,12,m,2.02,8,,,,,,0.02
1911,PL_HDL_chow,AKR/J,15,f,1.43,8,,,,,,-0.28
1911,PL_HDL_chow,AKR/J,15,m,1.67,8,,,,,,-0.78
1911,PL_HDL_chow,SJL/J,17,f,1.43,8,,,,,,-0.28
1911,PL_HDL_chow,SJL/J,17,m,1.99,8,,,,,,-0.05
1911,PL_HDL_chow,SM/J,31,f,1.34,8,,,,,,-0.50
1911,PL_HDL_chow,SM/J,31,m,2.08,8,,,,,,0.16
1911,PL_HDL_chow,C57BLKS/J,35,f,1.06,8,,,,,,-1.17
1911,PL_HDL_chow,C57BLKS/J,35,m,1.82,8,,,,,,-0.44
1911,PL_HDL_chow,C57L/J,37,f,1.40,8,,,,,,-0.35
1911,PL_HDL_chow,C57L/J,37,m,1.84,8,,,,,,-0.39
1911,PL_HDL_chow,129X1/SvJ,47,f,1.69,8,,,,,,0.34
1911,PL_HDL_chow,129X1/SvJ,47,m,2.04,8,,,,,,0.07
1911,PL_HDL_chow,A/HeJ,68,m,2.03,8,,,,,,0.05
1911,PL_HDL_chow,C3H/HeSnJ,71,f,2.30,8,,,,,,1.81
1911,PL_HDL_chow,C3H/HeSnJ,71,m,2.89,8,,,,,,2.03
1912,PL_nonHDL_chow,CAST/EiJ,2,f,0.220,8,,,,,,-0.62
1912,PL_nonHDL_chow,CAST/EiJ,2,m,0.250,8,,,,,,-1.01
1912,PL_nonHDL_chow,A/J,4,f,0.290,8,,,,,,0.14
1912,PL_nonHDL_chow,A/J,4,m,0.400,8,,,,,,0.09
1912,PL_nonHDL_chow,BALB/cJ,5,f,0.110,8,,,,,,-1.81
1912,PL_nonHDL_chow,BALB/cJ,5,m,0.160,8,,,,,,-1.67
1912,PL_nonHDL_chow,C57BL/6J,7,f,0.260,8,,,,,,-0.19
1912,PL_nonHDL_chow,C57BL/6J,7,m,0.270,8,,,,,,-0.86
1912,PL_nonHDL_chow,DBA/2J,8,f,0.440,8,,,,,,1.76
1912,PL_nonHDL_chow,DBA/2J,8,m,0.560,8,,,,,,1.26
1912,PL_nonHDL_chow,NZB/BlNJ,11,f,0.420,8,,,,,,1.54
1912,PL_nonHDL_chow,NZB/BlNJ,11,m,0.500,8,,,,,,0.82
1912,PL_nonHDL_chow,SWR/J,12,f,0.370,8,,,,,,1.00
1912,PL_nonHDL_chow,SWR/J,12,m,0.520,8,,,,,,0.97
1912,PL_nonHDL_chow,AKR/J,15,f,0.240,8,,,,,,-0.40
1912,PL_nonHDL_chow,AKR/J,15,m,0.270,8,,,,,,-0.86
1912,PL_nonHDL_chow,SJL/J,17,f,0.300,8,,,,,,0.25
1912,PL_nonHDL_chow,SJL/J,17,m,0.540,8,,,,,,1.11
1912,PL_nonHDL_chow,SM/J,31,f,0.200,8,,,,,,-0.84
1912,PL_nonHDL_chow,SM/J,31,m,0.340,8,,,,,,-0.35
1912,PL_nonHDL_chow,C57BLKS/J,35,f,0.210,8,,,,,,-0.73
1912,PL_nonHDL_chow,C57BLKS/J,35,m,0.320,8,,,,,,-0.50
1912,PL_nonHDL_chow,C57L/J,37,f,0.340,8,,,,,,0.68
1912,PL_nonHDL_chow,C57L/J,37,m,0.440,8,,,,,,0.38
1912,PL_nonHDL_chow,129X1/SvJ,47,f,0.250,8,,,,,,-0.30
1912,PL_nonHDL_chow,129X1/SvJ,47,m,0.370,8,,,,,,-0.13
1912,PL_nonHDL_chow,A/HeJ,68,f,0.170,8,,,,,,-1.16
1912,PL_nonHDL_chow,A/HeJ,68,m,0.260,8,,,,,,-0.94
1912,PL_nonHDL_chow,C3H/HeSnJ,71,m,0.620,8,,,,,,1.70
1912,PL_nonHDL_chow,C3H/HeSnJ,71,f,0.340,8,,,,,,0.68
1913,PLTP_chow,DBA/2J,8,f,20.9,8,,,,,,-0.22
1913,PLTP_chow,CAST/EiJ,2,f,14.0,8,,,,,,-1.41
1913,PLTP_chow,CAST/EiJ,2,m,15.2,8,,,,,,-1.81
1913,PLTP_chow,A/J,4,f,18.2,8,,,,,,-0.69
1913,PLTP_chow,A/J,4,m,20.5,8,,,,,,-0.81
1913,PLTP_chow,BALB/cJ,5,f,19.2,8,,,,,,-0.51
1913,PLTP_chow,BALB/cJ,5,m,23.6,8,,,,,,-0.23
1913,PLTP_chow,C57BL/6J,7,f,29.4,8,,,,,,1.25
1913,PLTP_chow,C57BL/6J,7,m,31.8,8,,,,,,1.31
1913,PLTP_chow,DBA/2J,8,m,23.2,8,,,,,,-0.31
1913,PLTP_chow,NZB/BlNJ,11,f,25.8,8,,,,,,0.63
1913,PLTP_chow,NZB/BlNJ,11,m,28.3,8,,,,,,0.65
1913,PLTP_chow,SWR/J,12,f,21.3,8,,,,,,-0.15
1913,PLTP_chow,SWR/J,12,m,28.7,8,,,,,,0.73
1913,PLTP_chow,AKR/J,15,f,21.5,8,,,,,,-0.12
1913,PLTP_chow,AKR/J,15,m,20.2,8,,,,,,-0.87
1913,PLTP_chow,SJL/J,17,f,22.4,8,,,,,,0.04
1913,PLTP_chow,SJL/J,17,m,26.3,8,,,,,,0.28
1913,PLTP_chow,SM/J,31,f,16.5,8,,,,,,-0.98
1913,PLTP_chow,SM/J,31,m,21.9,8,,,,,,-0.55
1913,PLTP_chow,C57BLKS/J,35,f,24.4,8,,,,,,0.39
1913,PLTP_chow,C57BLKS/J,35,m,25.9,8,,,,,,0.20
1913,PLTP_chow,C57L/J,37,f,26.2,8,,,,,,0.70
1913,PLTP_chow,C57L/J,37,m,33.9,8,,,,,,1.70
1913,PLTP_chow,129X1/SvJ,47,f,17.8,8,,,,,,-0.76
1913,PLTP_chow,129X1/SvJ,47,m,18.0,8,,,,,,-1.28
1913,PLTP_chow,A/HeJ,68,f,18.0,8,,,,,,-0.72
1913,PLTP_chow,A/HeJ,68,m,23.6,8,,,,,,-0.23
1913,PLTP_chow,C3H/HeSnJ,71,f,36.9,8,,,,,,2.55
1913,PLTP_chow,C3H/HeSnJ,71,m,31.3,8,,,,,,1.22
1914,PL_fat,CAST/EiJ,2,f,3.23,8,,,,,,0.67
1914,PL_fat,C3H/HeSnJ,71,m,3.81,8,,,,,,0.71
1914,PL_fat,C3H/HeSnJ,71,f,3.15,8,,,,,,0.57
1914,PL_fat,A/HeJ,68,m,3.75,8,,,,,,0.63
1914,PL_fat,A/HeJ,68,f,3.14,8,,,,,,0.56
1914,PL_fat,129X1/SvJ,47,m,3.18,8,,,,,,-0.13
1914,PL_fat,129X1/SvJ,47,f,2.83,8,,,,,,0.17
1914,PL_fat,C57L/J,37,m,2.32,8,,,,,,-1.26
1914,PL_fat,C57L/J,37,f,1.43,8,,,,,,-1.57
1914,PL_fat,C57BLKS/J,35,m,2.93,8,,,,,,-0.46
1914,PL_fat,C57BLKS/J,35,f,2.50,8,,,,,,-0.24
1914,PL_fat,SM/J,31,m,3.10,8,,,,,,-0.23
1914,PL_fat,SM/J,31,f,3.31,8,,,,,,0.77
1914,PL_fat,SJL/J,17,f,2.04,8,,,,,,-0.81
1914,PL_fat,AKR/J,15,m,2.63,8,,,,,,-0.85
1914,PL_fat,AKR/J,15,f,2.47,8,,,,,,-0.27
1914,PL_fat,SWR/J,12,m,2.74,8,,,,,,-0.71
1914,PL_fat,SWR/J,12,f,2.11,8,,,,,,-0.72
1914,PL_fat,NZB/BlNJ,11,m,5.32,8,,,,,,2.70
1914,PL_fat,NZB/BlNJ,11,f,4.60,8,,,,,,2.39
1914,PL_fat,DBA/2J,8,m,3.60,8,,,,,,0.43
1914,PL_fat,DBA/2J,8,f,1.97,8,,,,,,-0.90
1914,PL_fat,C57BL/6J,7,m,2.98,8,,,,,,-0.39
1914,PL_fat,C57BL/6J,7,f,1.94,8,,,,,,-0.94
1914,PL_fat,BALB/cJ,5,m,2.49,8,,,,,,-1.04
1914,PL_fat,BALB/cJ,5,f,2.24,8,,,,,,-0.56
1914,PL_fat,A/J,4,m,3.69,8,,,,,,0.55
1914,PL_fat,A/J,4,f,3.39,8,,,,,,0.87
1914,PL_fat,CAST/EiJ,2,m,3.32,8,,,,,,0.06
1915,PL_HDL_fat,AKR/J,15,f,1.74,8,,,,,,0.30
1915,PL_HDL_fat,CAST/EiJ,2,f,0.620,8,,,,,,-1.41
1915,PL_HDL_fat,CAST/EiJ,2,m,2.10,8,,,,,,0.14
1915,PL_HDL_fat,A/J,4,f,2.12,8,,,,,,0.88
1915,PL_HDL_fat,A/J,4,m,2.10,8,,,,,,0.14
1915,PL_HDL_fat,BALB/cJ,5,f,1.58,8,,,,,,0.05
1915,PL_HDL_fat,BALB/cJ,5,m,1.86,8,,,,,,-0.24
1915,PL_HDL_fat,C57BL/6J,7,f,0.820,8,,,,,,-1.11
1915,PL_HDL_fat,C57BL/6J,7,m,1.40,8,,,,,,-0.96
1915,PL_HDL_fat,DBA/2J,8,f,1.30,8,,,,,,-0.38
1915,PL_HDL_fat,DBA/2J,8,m,2.86,8,,,,,,1.33
1915,PL_HDL_fat,NZB/BlNJ,11,f,2.89,8,,,,,,2.05
1915,PL_HDL_fat,NZB/BlNJ,11,m,3.31,8,,,,,,2.03
1915,PL_HDL_fat,SWR/J,12,f,1.05,8,,,,,,-0.76
1915,PL_HDL_fat,SWR/J,12,m,1.32,8,,,,,,-1.08
1915,PL_HDL_fat,AKR/J,15,m,1.87,8,,,,,,-0.22
1915,PL_HDL_fat,SJL/J,17,f,1.37,8,,,,,,-0.27
1915,PL_HDL_fat,SM/J,31,f,2.09,8,,,,,,0.83
1915,PL_HDL_fat,SM/J,31,m,1.55,8,,,,,,-0.72
1915,PL_HDL_fat,C57BLKS/J,35,f,1.11,8,,,,,,-0.67
1915,PL_HDL_fat,C57BLKS/J,35,m,1.06,8,,,,,,-1.49
1915,PL_HDL_fat,C57L/J,37,f,0.580,8,,,,,,-1.47
1915,PL_HDL_fat,C57L/J,37,m,1.47,8,,,,,,-0.85
1915,PL_HDL_fat,129X1/SvJ,47,f,1.95,8,,,,,,0.62
1915,PL_HDL_fat,129X1/SvJ,47,m,2.22,8,,,,,,0.32
1915,PL_HDL_fat,A/HeJ,68,f,2.25,8,,,,,,1.07
1915,PL_HDL_fat,A/HeJ,68,m,2.42,8,,,,,,0.64
1915,PL_HDL_fat,C3H/HeSnJ,71,f,1.72,8,,,,,,0.27
1915,PL_HDL_fat,C3H/HeSnJ,71,m,2.63,8,,,,,,0.97
1916,PL_nonHDL_fat,AKR/J,15,f,0.730,8,,,,,,-0.81
1916,PL_nonHDL_fat,C3H/HeSnJ,71,m,1.18,8,,,,,,-0.20
1916,PL_nonHDL_fat,C3H/HeSnJ,71,f,1.42,8,,,,,,0.54
1916,PL_nonHDL_fat,A/HeJ,68,m,1.34,8,,,,,,0.17
1916,PL_nonHDL_fat,A/HeJ,68,f,0.890,8,,,,,,-0.49
1916,PL_nonHDL_fat,129X1/SvJ,47,m,0.970,8,,,,,,-0.69
1916,PL_nonHDL_fat,129X1/SvJ,47,f,0.880,8,,,,,,-0.51
1916,PL_nonHDL_fat,C57L/J,37,m,0.850,8,,,,,,-0.96
1916,PL_nonHDL_fat,C57L/J,37,f,0.850,8,,,,,,-0.57
1916,PL_nonHDL_fat,C57BLKS/J,35,m,1.87,8,,,,,,1.40
1916,PL_nonHDL_fat,C57BLKS/J,35,f,1.39,8,,,,,,0.48
1916,PL_nonHDL_fat,SM/J,31,m,1.54,8,,,,,,0.63
1916,PL_nonHDL_fat,SM/J,31,f,1.22,8,,,,,,0.15
1916,PL_nonHDL_fat,SJL/J,17,f,0.670,8,,,,,,-0.92
1916,PL_nonHDL_fat,AKR/J,15,m,0.770,8,,,,,,-1.15
1916,PL_nonHDL_fat,CAST/EiJ,2,f,2.61,8,,,,,,2.85
1916,PL_nonHDL_fat,CAST/EiJ,2,m,1.22,8,,,,,,-0.11
1916,PL_nonHDL_fat,A/J,4,f,1.27,8,,,,,,0.25
1916,PL_nonHDL_fat,A/J,4,m,1.59,8,,,,,,0.75
1916,PL_nonHDL_fat,BALB/cJ,5,f,0.660,8,,,,,,-0.94
1916,PL_nonHDL_fat,BALB/cJ,5,m,0.630,8,,,,,,-1.47
1916,PL_nonHDL_fat,C57BL/6J,7,f,1.12,8,,,,,,-0.05
1916,PL_nonHDL_fat,C57BL/6J,7,m,1.58,8,,,,,,0.73
1916,PL_nonHDL_fat,DBA/2J,8,f,0.680,8,,,,,,-0.90
1916,PL_nonHDL_fat,DBA/2J,8,m,0.750,8,,,,,,-1.19
1916,PL_nonHDL_fat,NZB/BlNJ,11,f,1.71,8,,,,,,1.10
1916,PL_nonHDL_fat,NZB/BlNJ,11,m,2.02,8,,,,,,1.74
1916,PL_nonHDL_fat,SWR/J,12,f,1.06,8,,,,,,-0.16
1916,PL_nonHDL_fat,SWR/J,12,m,1.42,8,,,,,,0.36
1917,PL_chg,SWR/J,12,m,1.08,8,,,,,,-0.83
1917,PL_chg,AKR/J,15,m,1.36,8,,,,,,-0.14
1917,PL_chg,SJL/J,17,f,1.18,8,,,,,,-0.65
1917,PL_chg,SM/J,31,f,2.15,8,,,,,,1.14
1917,PL_chg,SM/J,31,m,1.29,8,,,,,,-0.31
1917,PL_chg,C57BLKS/J,35,f,1.97,8,,,,,,0.81
1917,PL_chg,C57BLKS/J,35,m,1.37,8,,,,,,-0.12
1917,PL_chg,C57L/J,37,f,0.820,8,,,,,,-1.31
1917,PL_chg,C57L/J,37,m,1.02,8,,,,,,-0.98
1917,PL_chg,129X1/SvJ,47,f,1.46,8,,,,,,-0.13
1917,PL_chg,129X1/SvJ,47,m,1.32,8,,,,,,-0.24
1917,PL_chg,A/HeJ,68,f,1.74,8,,,,,,0.38
1917,PL_chg,A/HeJ,68,m,1.63,8,,,,,,0.53
1917,PL_chg,C3H/HeSnJ,71,f,1.19,8,,,,,,-0.63
1917,PL_chg,C3H/HeSnJ,71,m,1.09,8,,,,,,-0.81
1917,PL_chg,CAST/EiJ,2,f,2.94,8,,,,,,2.60
1917,PL_chg,CAST/EiJ,2,m,2.61,8,,,,,,2.95
1917,PL_chg,A/J,4,f,1.90,8,,,,,,0.68
1917,PL_chg,A/J,4,m,1.58,8,,,,,,0.40
1917,PL_chg,BALB/cJ,5,f,1.15,8,,,,,,-0.71
1917,PL_chg,BALB/cJ,5,m,1.06,8,,,,,,-0.88
1917,PL_chg,C57BL/6J,7,f,1.07,8,,,,,,-0.85
1917,PL_chg,C57BL/6J,7,m,1.25,8,,,,,,-0.41
1917,PL_chg,DBA/2J,8,f,1.15,8,,,,,,-0.71
1917,PL_chg,DBA/2J,8,m,1.55,8,,,,,,0.33
1917,PL_chg,NZB/BlNJ,11,f,1.59,8,,,,,,0.11
1917,PL_chg,NZB/BlNJ,11,m,1.63,8,,,,,,0.53
1917,PL_chg,SWR/J,12,f,1.19,8,,,,,,-0.63
1917,PL_chg,AKR/J,15,f,1.49,8,,,,,,-0.08
1918,PL_HDL_chg,SM/J,31,f,1.56,8,,,,,,1.71
1918,PL_HDL_chg,CAST/EiJ,2,f,0.700,8,,,,,,-0.90
1918,PL_HDL_chg,CAST/EiJ,2,m,2.06,8,,,,,,2.51
1918,PL_HDL_chg,A/J,4,f,1.42,8,,,,,,1.28
1918,PL_HDL_chg,A/J,4,m,1.08,8,,,,,,0.10
1918,PL_HDL_chg,BALB/cJ,5,f,0.870,8,,,,,,-0.38
1918,PL_HDL_chg,BALB/cJ,5,m,0.850,8,,,,,,-0.47
1918,PL_HDL_chg,C57BL/6J,7,f,0.530,8,,,,,,-1.41
1918,PL_HDL_chg,C57BL/6J,7,m,0.660,8,,,,,,-0.94
1918,PL_HDL_chg,DBA/2J,8,f,1.02,8,,,,,,0.07
1918,PL_HDL_chg,DBA/2J,8,m,1.63,8,,,,,,1.45
1918,PL_HDL_chg,NZB/BlNJ,11,f,1.16,8,,,,,,0.50
1918,PL_HDL_chg,NZB/BlNJ,11,m,1.19,8,,,,,,0.37
1918,PL_HDL_chg,SWR/J,12,f,0.760,8,,,,,,-0.71
1918,PL_HDL_chg,SWR/J,12,m,0.650,8,,,,,,-0.96
1918,PL_HDL_chg,AKR/J,15,f,1.22,8,,,,,,0.68
1918,PL_HDL_chg,AKR/J,15,m,1.12,8,,,,,,0.20
1918,PL_HDL_chg,SJL/J,17,f,0.960,8,,,,,,-0.11
1918,PL_HDL_chg,SM/J,31,m,0.750,8,,,,,,-0.71
1918,PL_HDL_chg,C57BLKS/J,35,f,1.05,8,,,,,,0.16
1918,PL_HDL_chg,C57BLKS/J,35,m,0.580,8,,,,,,-1.13
1918,PL_HDL_chg,C57L/J,37,f,0.410,8,,,,,,-1.77
1918,PL_HDL_chg,C57L/J,37,m,0.800,8,,,,,,-0.59
1918,PL_HDL_chg,129X1/SvJ,47,f,1.15,8,,,,,,0.47
1918,PL_HDL_chg,129X1/SvJ,47,m,1.09,8,,,,,,0.12
1918,PL_HDL_chg,A/HeJ,68,f,1.38,8,,,,,,1.16
1918,PL_HDL_chg,A/HeJ,68,m,1.19,8,,,,,,0.37
1918,PL_HDL_chg,C3H/HeSnJ,71,f,0.750,8,,,,,,-0.74
1918,PL_HDL_chg,C3H/HeSnJ,71,m,0.910,8,,,,,,-0.32
1919,PL_nonHDL_chg,CAST/EiJ,2,f,11.9,8,,,,,,2.92
1919,PL_nonHDL_chg,C57L/J,37,f,2.50,8,,,,,,-0.82
1919,PL_nonHDL_chg,C57L/J,37,m,1.93,8,,,,,,-1.19
1919,PL_nonHDL_chg,129X1/SvJ,47,f,3.52,8,,,,,,-0.42
1919,PL_nonHDL_chg,129X1/SvJ,47,m,2.62,8,,,,,,-0.72
1919,PL_nonHDL_chg,A/HeJ,68,f,5.24,8,,,,,,0.27
1919,PL_nonHDL_chg,A/HeJ,68,m,5.15,8,,,,,,0.99
1919,PL_nonHDL_chg,C3H/HeSnJ,71,f,4.18,8,,,,,,-0.15
1919,PL_nonHDL_chg,CAST/EiJ,2,m,4.88,8,,,,,,0.81
1919,PL_nonHDL_chg,A/J,4,f,4.38,8,,,,,,-0.07
1919,PL_nonHDL_chg,C3H/HeSnJ,71,m,1.90,8,,,,,,-1.21
1919,PL_nonHDL_chg,A/J,4,m,3.98,8,,,,,,0.20
1919,PL_nonHDL_chg,BALB/cJ,5,f,6.00,8,,,,,,0.57
1919,PL_nonHDL_chg,BALB/cJ,5,m,3.94,8,,,,,,0.17
1919,PL_nonHDL_chg,C57BL/6J,7,f,4.31,8,,,,,,-0.10
1919,PL_nonHDL_chg,AKR/J,15,f,3.04,8,,,,,,-0.61
1919,PL_nonHDL_chg,AKR/J,15,m,2.85,8,,,,,,-0.56
1919,PL_nonHDL_chg,SJL/J,17,f,2.23,8,,,,,,-0.93
1919,PL_nonHDL_chg,SM/J,31,f,6.10,8,,,,,,0.61
1919,PL_nonHDL_chg,SM/J,31,m,4.53,8,,,,,,0.57
1919,PL_nonHDL_chg,C57BLKS/J,35,f,6.62,8,,,,,,0.82
1919,PL_nonHDL_chg,SWR/J,12,m,2.73,8,,,,,,-0.65
1919,PL_nonHDL_chg,C57BLKS/J,35,m,5.84,8,,,,,,1.46
1919,PL_nonHDL_chg,C57BL/6J,7,m,5.85,8,,,,,,1.47
1919,PL_nonHDL_chg,DBA/2J,8,f,1.55,8,,,,,,-1.20
1919,PL_nonHDL_chg,DBA/2J,8,m,1.34,8,,,,,,-1.59
1919,PL_nonHDL_chg,NZB/BlNJ,11,f,4.07,8,,,,,,-0.20
1919,PL_nonHDL_chg,NZB/BlNJ,11,m,4.04,8,,,,,,0.24
1919,PL_nonHDL_chg,SWR/J,12,f,2.86,8,,,,,,-0.68
1920,PLTP_fat,C3H/HeSnJ,71,f,44.5,8,,,,,,0.22
1920,PLTP_fat,C57BL/6J,7,f,39.0,8,,,,,,-0.39
1920,PLTP_fat,BALB/cJ,5,m,39.4,8,,,,,,-0.67
1920,PLTP_fat,BALB/cJ,5,f,34.1,8,,,,,,-0.93
1920,PLTP_fat,A/J,4,m,50.2,8,,,,,,0.94
1920,PLTP_fat,A/J,4,f,57.7,8,,,,,,1.68
1920,PLTP_fat,CAST/EiJ,2,m,41.1,8,,,,,,-0.41
1920,PLTP_fat,CAST/EiJ,2,f,35.7,8,,,,,,-0.75
1920,PLTP_fat,C57BL/6J,7,m,45.7,8,,,,,,0.27
1920,PLTP_fat,DBA/2J,8,f,36.0,8,,,,,,-0.72
1920,PLTP_fat,DBA/2J,8,m,41.1,8,,,,,,-0.41
1920,PLTP_fat,NZB/BlNJ,11,f,59.3,8,,,,,,1.85
1920,PLTP_fat,NZB/BlNJ,11,m,60.9,8,,,,,,2.53
1920,PLTP_fat,SWR/J,12,f,41.8,8,,,,,,-0.08
1920,PLTP_fat,SWR/J,12,m,39.8,8,,,,,,-0.61
1920,PLTP_fat,AKR/J,15,f,38.2,8,,,,,,-0.48
1920,PLTP_fat,AKR/J,15,m,37.2,8,,,,,,-0.99
1920,PLTP_fat,SJL/J,17,f,43.6,8,,,,,,0.12
1920,PLTP_fat,SM/J,31,f,29.0,8,,,,,,-1.49
1920,PLTP_fat,SM/J,31,m,39.8,8,,,,,,-0.61
1920,PLTP_fat,C57BLKS/J,35,f,44.1,8,,,,,,0.18
1920,PLTP_fat,C57BLKS/J,35,m,40.9,8,,,,,,-0.44
1920,PLTP_fat,C57L/J,37,f,32.8,8,,,,,,-1.07
1920,PLTP_fat,C57L/J,37,m,36.2,8,,,,,,-1.14
1920,PLTP_fat,129X1/SvJ,47,f,47.9,8,,,,,,0.59
1920,PLTP_fat,129X1/SvJ,47,m,45.0,8,,,,,,0.17
1920,PLTP_fat,A/HeJ,68,f,54.0,8,,,,,,1.27
1920,PLTP_fat,A/HeJ,68,m,52.3,8,,,,,,1.25
1920,PLTP_fat,C3H/HeSnJ,71,m,44.7,8,,,,,,0.12
1921,PLTP_chg,C57BL/6J,7,f,1.33,8,,,,,,-1.13
1921,PLTP_chg,DBA/2J,8,f,1.72,8,,,,,,-0.49
1921,PLTP_chg,DBA/2J,8,m,1.77,8,,,,,,-0.19
1921,PLTP_chg,NZB/BlNJ,11,f,2.30,8,,,,,,0.47
1921,PLTP_chg,NZB/BlNJ,11,m,2.15,8,,,,,,0.60
1921,PLTP_chg,SWR/J,12,f,1.96,8,,,,,,-0.09
1921,PLTP_chg,SWR/J,12,m,1.39,8,,,,,,-0.98
1921,PLTP_chg,AKR/J,15,f,1.78,8,,,,,,-0.39
1921,PLTP_chg,AKR/J,15,m,1.84,8,,,,,,-0.04
1921,PLTP_chg,SJL/J,17,f,1.95,8,,,,,,-0.11
1921,PLTP_chg,SM/J,31,f,1.76,8,,,,,,-0.42
1921,PLTP_chg,SM/J,31,m,1.82,8,,,,,,-0.08
1921,PLTP_chg,C57BLKS/J,35,f,1.81,8,,,,,,-0.34
1921,PLTP_chg,C57BLKS/J,35,m,1.58,8,,,,,,-0.58
1921,PLTP_chg,C57L/J,37,f,1.25,8,,,,,,-1.27
1921,PLTP_chg,C57L/J,37,m,1.07,8,,,,,,-1.64
1921,PLTP_chg,129X1/SvJ,47,f,2.69,8,,,,,,1.11
1921,PLTP_chg,129X1/SvJ,47,m,2.50,8,,,,,,1.33
1921,PLTP_chg,A/HeJ,68,f,3.00,8,,,,,,1.62
1921,PLTP_chg,A/HeJ,68,m,2.22,8,,,,,,0.75
1921,PLTP_chg,C3H/HeSnJ,71,f,1.21,8,,,,,,-1.33
1921,PLTP_chg,C3H/HeSnJ,71,m,1.43,8,,,,,,-0.89
1921,PLTP_chg,CAST/EiJ,2,f,2.55,8,,,,,,0.88
1921,PLTP_chg,CAST/EiJ,2,m,2.70,8,,,,,,1.75
1921,PLTP_chg,A/J,4,f,3.17,8,,,,,,1.90
1921,PLTP_chg,A/J,4,m,2.45,8,,,,,,1.23
1921,PLTP_chg,BALB/cJ,5,f,1.78,8,,,,,,-0.39
1921,PLTP_chg,BALB/cJ,5,m,1.67,8,,,,,,-0.39
1921,PLTP_chg,C57BL/6J,7,m,1.44,8,,,,,,-0.87
1922,largeHDL_chow,AKR/J,15,m,37.6,8,,,,,,-0.14
1922,largeHDL_chow,CAST/EiJ,2,m,26.3,8,,,,,,-1.45
1922,largeHDL_chow,A/J,4,f,40.5,8,,,,,,-0.25
1922,largeHDL_chow,A/J,4,m,36.6,8,,,,,,-0.26
1922,largeHDL_chow,BALB/cJ,5,f,62.8,8,,,,,,1.23
1922,largeHDL_chow,BALB/cJ,5,m,41.5,8,,,,,,0.31
1922,largeHDL_chow,C57BL/6J,7,f,44.6,8,,,,,,0.02
1922,largeHDL_chow,C57BL/6J,7,m,44.6,8,,,,,,0.66
1922,largeHDL_chow,DBA/2J,8,f,28.1,8,,,,,,-1.07
1922,largeHDL_chow,DBA/2J,8,m,31.1,8,,,,,,-0.89
1922,largeHDL_chow,NZB/BlNJ,11,f,66.2,8,,,,,,1.45
1922,largeHDL_chow,NZB/BlNJ,11,m,56.5,8,,,,,,2.03
1922,largeHDL_chow,SWR/J,12,f,39.7,8,,,,,,-0.30
1922,largeHDL_chow,SWR/J,12,m,31.6,8,,,,,,-0.83
1922,largeHDL_chow,AKR/J,15,f,38.6,8,,,,,,-0.37
1922,largeHDL_chow,C57L/J,37,f,40.4,8,,,,,,-0.25
1922,largeHDL_chow,C57BLKS/J,35,m,36.6,8,,,,,,-0.26
1922,largeHDL_chow,C57BLKS/J,35,f,32.2,8,,,,,,-0.80
1922,largeHDL_chow,SM/J,31,m,33.2,8,,,,,,-0.65
1922,largeHDL_chow,SM/J,31,f,29.6,8,,,,,,-0.97
1922,largeHDL_chow,SJL/J,17,f,35.9,8,,,,,,-0.55
1922,largeHDL_chow,C57L/J,37,m,32.2,8,,,,,,-0.77
1922,largeHDL_chow,CAST/EiJ,2,f,27.1,8,,,,,,-1.14
1922,largeHDL_chow,C3H/HeSnJ,71,m,55.1,8,,,,,,1.87
1922,largeHDL_chow,C3H/HeSnJ,71,f,78.2,8,,,,,,2.25
1922,largeHDL_chow,A/HeJ,68,m,40.5,8,,,,,,0.19
1922,largeHDL_chow,A/HeJ,68,f,43.6,8,,,,,,-0.04
1922,largeHDL_chow,129X1/SvJ,47,m,40.4,8,,,,,,0.18
1922,largeHDL_chow,129X1/SvJ,47,f,56.2,8,,,,,,0.79
1923,HDLsize_chow,CAST/EiJ,2,m,9.01,8,,,,,,-1.45
1923,HDLsize_chow,129X1/SvJ,47,f,10.1,8,,,,,,1.57
1923,HDLsize_chow,129X1/SvJ,47,m,9.71,8,,,,,,1.02
1923,HDLsize_chow,A/HeJ,68,f,9.60,8,,,,,,0.18
1923,HDLsize_chow,A/HeJ,68,m,9.24,8,,,,,,-0.64
1923,HDLsize_chow,C3H/HeSnJ,71,f,10.3,8,,,,,,2.13
1923,HDLsize_chow,C3H/HeSnJ,71,m,9.93,8,,,,,,1.79
1923,HDLsize_chow,C57L/J,37,m,9.29,8,,,,,,-0.46
1923,HDLsize_chow,C57L/J,37,f,9.34,8,,,,,,-0.55
1923,HDLsize_chow,C57BLKS/J,35,m,9.15,8,,,,,,-0.96
1923,HDLsize_chow,C57BLKS/J,35,f,9.27,8,,,,,,-0.74
1923,HDLsize_chow,SM/J,31,m,9.06,8,,,,,,-1.27
1923,HDLsize_chow,SM/J,31,f,9.32,8,,,,,,-0.60
1923,HDLsize_chow,SJL/J,17,f,9.15,8,,,,,,-1.08
1923,HDLsize_chow,AKR/J,15,m,9.32,8,,,,,,-0.36
1923,HDLsize_chow,AKR/J,15,f,9.35,8,,,,,,-0.52
1923,HDLsize_chow,SWR/J,12,m,9.37,8,,,,,,-0.18
1923,HDLsize_chow,SWR/J,12,f,9.30,8,,,,,,-0.66
1923,HDLsize_chow,NZB/BlNJ,11,m,9.83,8,,,,,,1.44
1923,HDLsize_chow,NZB/BlNJ,11,f,9.86,8,,,,,,0.90
1923,HDLsize_chow,DBA/2J,8,m,9.37,8,,,,,,-0.18
1923,HDLsize_chow,DBA/2J,8,f,9.41,8,,,,,,-0.35
1923,HDLsize_chow,C57BL/6J,7,m,9.56,8,,,,,,0.49
1923,HDLsize_chow,C57BL/6J,7,f,9.67,8,,,,,,0.37
1923,HDLsize_chow,BALB/cJ,5,m,9.70,8,,,,,,0.98
1923,HDLsize_chow,BALB/cJ,5,f,9.93,8,,,,,,1.10
1923,HDLsize_chow,A/J,4,m,9.36,8,,,,,,-0.22
1923,HDLsize_chow,A/J,4,f,9.26,8,,,,,,-0.77
1923,HDLsize_chow,CAST/EiJ,2,f,9.18,8,,,,,,-0.99
1924,largeHDL_fat,C57BL/6J,7,m,35.9,8,,,,,,-0.14
1924,largeHDL_fat,C3H/HeSnJ,71,m,30.6,8,,,,,,-0.59
1924,largeHDL_fat,C3H/HeSnJ,71,f,28.9,8,,,,,,-0.62
1924,largeHDL_fat,A/HeJ,68,m,46.7,8,,,,,,0.77
1924,largeHDL_fat,A/HeJ,68,f,45.6,8,,,,,,0.50
1924,largeHDL_fat,129X1/SvJ,47,m,54.2,8,,,,,,1.40
1924,largeHDL_fat,129X1/SvJ,47,f,65.5,8,,,,,,1.84
1924,largeHDL_fat,C57L/J,37,m,27.3,8,,,,,,-0.87
1924,largeHDL_fat,CAST/EiJ,2,f,34.0,8,,,,,,-0.28
1924,largeHDL_fat,CAST/EiJ,2,m,27.6,8,,,,,,-0.84
1924,largeHDL_fat,A/J,4,f,39.9,8,,,,,,0.12
1924,largeHDL_fat,A/J,4,m,36.3,8,,,,,,-0.11
1924,largeHDL_fat,BALB/cJ,5,f,51.9,8,,,,,,0.93
1924,largeHDL_fat,BALB/cJ,5,m,44.3,8,,,,,,0.57
1924,largeHDL_fat,C57BL/6J,7,f,34.3,8,,,,,,-0.26
1924,largeHDL_fat,DBA/2J,8,f,26.1,8,,,,,,-0.81
1924,largeHDL_fat,DBA/2J,8,m,35.2,8,,,,,,-0.20
1924,largeHDL_fat,NZB/BlNJ,11,f,73.7,8,,,,,,2.39
1924,largeHDL_fat,NZB/BlNJ,11,m,67.8,8,,,,,,2.55
1924,largeHDL_fat,SWR/J,12,f,32.0,8,,,,,,-0.41
1924,largeHDL_fat,SWR/J,12,m,32.8,8,,,,,,-0.40
1924,largeHDL_fat,AKR/J,15,f,25.0,8,,,,,,-0.89
1924,largeHDL_fat,AKR/J,15,m,27.6,8,,,,,,-0.84
1924,largeHDL_fat,SJL/J,17,f,28.3,8,,,,,,-0.66
1924,largeHDL_fat,SM/J,31,f,27.2,8,,,,,,-0.74
1924,largeHDL_fat,SM/J,31,m,29.9,8,,,,,,-0.65
1924,largeHDL_fat,C57BLKS/J,35,f,29.4,8,,,,,,-0.59
1924,largeHDL_fat,C57BLKS/J,35,m,29.7,8,,,,,,-0.66
1924,largeHDL_fat,C57L/J,37,f,30.5,8,,,,,,-0.52
1925,HDLsize_fat,C57L/J,37,f,9.35,8,,,,,,-0.26
1925,HDLsize_fat,C57L/J,37,m,9.28,8,,,,,,-0.40
1925,HDLsize_fat,AKR/J,15,m,9.07,8,,,,,,-1.06
1925,HDLsize_fat,SJL/J,17,f,9.16,8,,,,,,-0.72
1925,HDLsize_fat,SM/J,31,f,9.29,8,,,,,,-0.40
1925,HDLsize_fat,SM/J,31,m,9.08,8,,,,,,-1.03
1925,HDLsize_fat,C57BLKS/J,35,f,9.28,8,,,,,,-0.43
1925,HDLsize_fat,C57BLKS/J,35,m,9.25,8,,,,,,-0.50
1925,HDLsize_fat,CAST/EiJ,2,f,9.23,8,,,,,,-0.55
1925,HDLsize_fat,CAST/EiJ,2,m,9.12,8,,,,,,-0.90
1925,HDLsize_fat,A/J,4,f,9.25,8,,,,,,-0.50
1925,HDLsize_fat,A/J,4,m,9.32,8,,,,,,-0.28
1925,HDLsize_fat,BALB/cJ,5,f,9.89,8,,,,,,1.07
1925,HDLsize_fat,BALB/cJ,5,m,9.52,8,,,,,,0.35
1925,HDLsize_fat,C57BL/6J,7,f,9.21,8,,,,,,-0.60
1925,HDLsize_fat,C57BL/6J,7,m,9.30,8,,,,,,-0.34
1925,HDLsize_fat,DBA/2J,8,f,9.19,8,,,,,,-0.65
1925,HDLsize_fat,DBA/2J,8,m,9.70,8,,,,,,0.91
1925,HDLsize_fat,NZB/BlNJ,11,f,10.5,8,,,,,,2.57
1925,HDLsize_fat,NZB/BlNJ,11,m,10.2,8,,,,,,2.47
1925,HDLsize_fat,SWR/J,12,f,9.23,8,,,,,,-0.55
1925,HDLsize_fat,SWR/J,12,m,9.20,8,,,,,,-0.65
1925,HDLsize_fat,C3H/HeSnJ,71,m,9.39,8,,,,,,-0.06
1925,HDLsize_fat,C3H/HeSnJ,71,f,9.26,8,,,,,,-0.48
1925,HDLsize_fat,A/HeJ,68,m,9.44,8,,,,,,0.10
1925,HDLsize_fat,A/HeJ,68,f,9.71,8,,,,,,0.63
1925,HDLsize_fat,AKR/J,15,f,9.16,8,,,,,,-0.72
1925,HDLsize_fat,129X1/SvJ,47,m,9.85,8,,,,,,1.38
1925,HDLsize_fat,129X1/SvJ,47,f,10.1,8,,,,,,1.59
1926,largeHDL_chg,DBA/2J,8,m,1.13,8,,,,,,0.75
1926,largeHDL_chg,C3H/HeSnJ,71,m,0.560,8,,,,,,-1.97
1926,largeHDL_chg,C3H/HeSnJ,71,f,0.370,8,,,,,,-2.35
1926,largeHDL_chg,A/HeJ,68,m,1.15,8,,,,,,0.85
1926,largeHDL_chg,A/HeJ,68,f,1.05,8,,,,,,0.74
1926,largeHDL_chg,129X1/SvJ,47,m,1.34,8,,,,,,1.76
1926,largeHDL_chg,129X1/SvJ,47,f,1.17,8,,,,,,1.29
1926,largeHDL_chg,C57L/J,37,m,0.850,8,,,,,,-0.59
1926,largeHDL_chg,C57L/J,37,f,0.750,8,,,,,,-0.62
1926,largeHDL_chg,C57BLKS/J,35,m,0.810,8,,,,,,-0.78
1926,largeHDL_chg,C57BLKS/J,35,f,0.910,8,,,,,,0.11
1926,largeHDL_chg,SM/J,31,m,0.900,8,,,,,,-0.35
1926,largeHDL_chg,SM/J,31,f,0.920,8,,,,,,0.15
1926,largeHDL_chg,SJL/J,17,f,0.790,8,,,,,,-0.44
1926,largeHDL_chg,AKR/J,15,m,0.730,8,,,,,,-1.16
1926,largeHDL_chg,AKR/J,15,f,0.650,8,,,,,,-1.08
1926,largeHDL_chg,SWR/J,12,m,1.04,8,,,,,,0.32
1926,largeHDL_chg,SWR/J,12,f,0.810,8,,,,,,-0.35
1926,largeHDL_chg,NZB/BlNJ,11,m,1.20,8,,,,,,1.09
1926,largeHDL_chg,NZB/BlNJ,11,f,1.11,8,,,,,,1.02
1926,largeHDL_chg,DBA/2J,8,f,0.930,8,,,,,,0.20
1926,largeHDL_chg,C57BL/6J,7,m,0.800,8,,,,,,-0.83
1926,largeHDL_chg,C57BL/6J,7,f,0.770,8,,,,,,-0.53
1926,largeHDL_chg,BALB/cJ,5,m,1.07,8,,,,,,0.46
1926,largeHDL_chg,BALB/cJ,5,f,0.830,8,,,,,,-0.26
1926,largeHDL_chg,A/J,4,m,0.990,8,,,,,,0.08
1926,largeHDL_chg,A/J,4,f,0.990,8,,,,,,0.47
1926,largeHDL_chg,CAST/EiJ,2,m,1.05,8,,,,,,0.37
1926,largeHDL_chg,CAST/EiJ,2,f,1.25,8,,,,,,1.65
1927,HDLsize_chg,C3H/HeSnJ,71,m,0.946,8,,,,,,-2.13
1927,HDLsize_chg,CAST/EiJ,2,f,1.00,8,,,,,,0.28
1927,HDLsize_chg,CAST/EiJ,2,m,1.01,8,,,,,,0.54
1927,HDLsize_chg,A/J,4,f,0.999,8,,,,,,0.25
1927,HDLsize_chg,A/J,4,m,0.996,8,,,,,,-0.05
1927,HDLsize_chg,BALB/cJ,5,f,0.996,8,,,,,,0.16
1927,HDLsize_chg,BALB/cJ,5,m,0.981,8,,,,,,-0.67
1927,HDLsize_chg,C57BL/6J,7,f,0.952,8,,,,,,-1.14
1927,HDLsize_chg,C57BL/6J,7,m,0.973,8,,,,,,-1.01
1927,HDLsize_chg,DBA/2J,8,f,0.977,8,,,,,,-0.40
1927,HDLsize_chg,DBA/2J,8,m,1.03,8,,,,,,1.37
1927,HDLsize_chg,NZB/BlNJ,11,f,1.06,8,,,,,,2.05
1927,HDLsize_chg,NZB/BlNJ,11,m,1.03,8,,,,,,1.37
1927,HDLsize_chg,SWR/J,12,f,0.992,8,,,,,,0.04
1927,HDLsize_chg,SWR/J,12,m,0.982,8,,,,,,-0.63
1927,HDLsize_chg,AKR/J,15,f,0.980,8,,,,,,-0.31
1927,HDLsize_chg,AKR/J,15,m,0.973,8,,,,,,-1.01
1927,HDLsize_chg,SJL/J,17,f,1.00,8,,,,,,0.28
1927,HDLsize_chg,SM/J,31,f,0.997,8,,,,,,0.19
1927,HDLsize_chg,SM/J,31,m,1.00,8,,,,,,0.12
1927,HDLsize_chg,C57BLKS/J,35,f,1.00,8,,,,,,0.28
1927,HDLsize_chg,C57BLKS/J,35,m,1.01,8,,,,,,0.54
1927,HDLsize_chg,C57L/J,37,f,1.00,8,,,,,,0.28
1927,HDLsize_chg,C57L/J,37,m,0.999,8,,,,,,0.08
1927,HDLsize_chg,129X1/SvJ,47,f,0.997,8,,,,,,0.19
1927,HDLsize_chg,129X1/SvJ,47,m,1.01,8,,,,,,0.54
1927,HDLsize_chg,A/HeJ,68,f,1.01,8,,,,,,0.57
1927,HDLsize_chg,A/HeJ,68,m,1.02,8,,,,,,0.95
1927,HDLsize_chg,C3H/HeSnJ,71,f,0.898,8,,,,,,-2.73
1928,TG_chow,C3H/HeSnJ,71,m,2.59,8,,,,,,2.45
1928,TG_chow,A/J,4,m,1.77,8,,,,,,0.41
1928,TG_chow,BALB/cJ,5,f,1.39,8,,,,,,0.17
1928,TG_chow,BALB/cJ,5,m,1.48,8,,,,,,-0.31
1928,TG_chow,C57BL/6J,7,f,0.880,8,,,,,,-1.31
1928,TG_chow,C57BL/6J,7,m,0.940,8,,,,,,-1.65
1928,TG_chow,DBA/2J,8,f,2.00,8,,,,,,1.94
1928,TG_chow,CAST/EiJ,2,m,1.49,8,,,,,,-0.28
1928,TG_chow,DBA/2J,8,m,1.91,8,,,,,,0.76
1928,TG_chow,NZB/BlNJ,11,f,1.40,8,,,,,,0.20
1928,TG_chow,NZB/BlNJ,11,m,1.61,8,,,,,,0.02
1928,TG_chow,SWR/J,12,f,1.79,8,,,,,,1.33
1928,TG_chow,SWR/J,12,m,1.89,8,,,,,,0.71
1928,TG_chow,AKR/J,15,f,1.55,8,,,,,,0.63
1928,TG_chow,AKR/J,15,m,1.61,8,,,,,,0.02
1928,TG_chow,SJL/J,17,f,1.32,8,,,,,,-0.03
1928,TG_chow,SJL/J,17,m,2.04,8,,,,,,1.08
1928,TG_chow,SM/J,31,f,1.29,8,,,,,,-0.12
1928,TG_chow,SM/J,31,m,1.49,8,,,,,,-0.28
1928,TG_chow,C57BLKS/J,35,f,0.820,8,,,,,,-1.49
1928,TG_chow,C57BLKS/J,35,m,1.20,8,,,,,,-1.00
1928,TG_chow,C57L/J,37,f,1.09,8,,,,,,-0.70
1928,TG_chow,C57L/J,37,m,1.24,8,,,,,,-0.90
1928,TG_chow,129X1/SvJ,47,f,0.980,8,,,,,,-1.02
1928,TG_chow,129X1/SvJ,47,m,1.54,8,,,,,,-0.16
1928,TG_chow,A/HeJ,68,f,1.18,8,,,,,,-0.44
1928,TG_chow,A/HeJ,68,m,1.25,8,,,,,,-0.88
1928,TG_chow,C3H/HeSnJ,71,f,1.83,8,,,,,,1.45
1928,TG_chow,A/J,4,f,1.27,8,,,,,,-0.18
1928,TG_chow,CAST/EiJ,2,f,1.19,8,,,,,,-0.41
1929,TG_fat,AKR/J,15,f,0.960,8,,,,,,-0.04
1929,TG_fat,CAST/EiJ,2,m,1.17,8,,,,,,0.89
1929,TG_fat,A/J,4,f,1.02,8,,,,,,0.23
1929,TG_fat,A/J,4,m,1.15,8,,,,,,0.78
1929,TG_fat,BALB/cJ,5,f,0.820,8,,,,,,-0.66
1929,TG_fat,BALB/cJ,5,m,0.790,8,,,,,,-1.19
1929,TG_fat,C57BL/6J,7,f,0.840,8,,,,,,-0.57
1929,TG_fat,C57BL/6J,7,m,0.760,8,,,,,,-1.36
1929,TG_fat,DBA/2J,8,f,0.850,8,,,,,,-0.53
1929,TG_fat,DBA/2J,8,m,1.30,8,,,,,,1.60
1929,TG_fat,NZB/BlNJ,11,f,0.760,8,,,,,,-0.93
1929,TG_fat,NZB/BlNJ,11,m,0.940,8,,,,,,-0.37
1929,TG_fat,SWR/J,12,f,0.910,8,,,,,,-0.26
1929,TG_fat,SWR/J,12,m,0.910,8,,,,,,-0.54
1929,TG_fat,CAST/EiJ,2,f,1.62,8,,,,,,2.89
1929,TG_fat,AKR/J,15,m,1.26,8,,,,,,1.38
1929,TG_fat,SJL/J,17,f,1.10,8,,,,,,0.58
1929,TG_fat,SM/J,31,f,1.25,8,,,,,,1.25
1929,TG_fat,SM/J,31,m,1.20,8,,,,,,1.05
1929,TG_fat,C57BLKS/J,35,f,0.830,8,,,,,,-0.62
1929,TG_fat,C57BLKS/J,35,m,0.980,8,,,,,,-0.15
1929,TG_fat,C57L/J,37,f,0.950,8,,,,,,-0.09
1929,TG_fat,C57L/J,37,m,0.810,8,,,,,,-1.08
1929,TG_fat,129X1/SvJ,47,f,0.780,8,,,,,,-0.84
1929,TG_fat,129X1/SvJ,47,m,0.870,8,,,,,,-0.75
1929,TG_fat,A/HeJ,68,f,0.810,8,,,,,,-0.71
1929,TG_fat,A/HeJ,68,m,0.890,8,,,,,,-0.65
1929,TG_fat,C3H/HeSnJ,71,f,1.04,8,,,,,,0.31
1929,TG_fat,C3H/HeSnJ,71,m,1.08,8,,,,,,0.40
1930,TG_chg,C57L/J,37,f,0.870,8,,,,,,0.41
1930,TG_chg,CAST/EiJ,2,f,1.36,8,,,,,,2.42
1930,TG_chg,CAST/EiJ,2,m,0.790,8,,,,,,0.96
1930,TG_chg,A/J,4,f,0.800,8,,,,,,0.13
1930,TG_chg,A/J,4,m,0.650,8,,,,,,-0.09
1930,TG_chg,BALB/cJ,5,f,0.590,8,,,,,,-0.74
1930,TG_chg,BALB/cJ,5,m,0.530,8,,,,,,-1.00
1930,TG_chg,C57BL/6J,7,f,0.950,8,,,,,,0.74
1930,TG_chg,C57BL/6J,7,m,0.810,8,,,,,,1.12
1930,TG_chg,DBA/2J,8,f,0.430,8,,,,,,-1.39
1930,TG_chg,DBA/2J,8,m,0.680,8,,,,,,0.13
1930,TG_chg,NZB/BlNJ,11,f,0.540,8,,,,,,-0.94
1930,TG_chg,NZB/BlNJ,11,m,0.580,8,,,,,,-0.62
1930,TG_chg,SWR/J,12,f,0.510,8,,,,,,-1.06
1930,TG_chg,SWR/J,12,m,0.480,8,,,,,,-1.37
1930,TG_chg,AKR/J,15,f,0.620,8,,,,,,-0.61
1930,TG_chg,AKR/J,15,m,0.780,8,,,,,,0.89
1930,TG_chg,SJL/J,17,f,0.830,8,,,,,,0.25
1930,TG_chg,SM/J,31,f,0.970,8,,,,,,0.82
1930,TG_chg,SM/J,31,m,0.810,8,,,,,,1.12
1930,TG_chg,C57BLKS/J,35,f,1.01,8,,,,,,0.99
1930,TG_chg,C57BLKS/J,35,m,0.820,8,,,,,,1.19
1930,TG_chg,C3H/HeSnJ,71,m,0.420,8,,,,,,-1.83
1930,TG_chg,C3H/HeSnJ,71,f,0.570,8,,,,,,-0.82
1930,TG_chg,A/HeJ,68,m,0.710,8,,,,,,0.36
1930,TG_chg,A/HeJ,68,f,0.690,8,,,,,,-0.33
1930,TG_chg,129X1/SvJ,47,m,0.560,8,,,,,,-0.77
1930,TG_chg,129X1/SvJ,47,f,0.800,8,,,,,,0.13
1930,TG_chg,C57L/J,37,m,0.650,8,,,,,,-0.09
